-- phpMyAdmin SQL Dump
-- version 5.1.1
-- https://www.phpmyadmin.net/
--
-- Host: 127.0.0.1
-- Generation Time: Oct 15, 2021 at 02:21 PM
-- Server version: 10.4.21-MariaDB
-- PHP Version: 8.0.10

SET SQL_MODE = "NO_AUTO_VALUE_ON_ZERO";
START TRANSACTION;
SET time_zone = "+00:00";


/*!40101 SET @OLD_CHARACTER_SET_CLIENT=@@CHARACTER_SET_CLIENT */;
/*!40101 SET @OLD_CHARACTER_SET_RESULTS=@@CHARACTER_SET_RESULTS */;
/*!40101 SET @OLD_COLLATION_CONNECTION=@@COLLATION_CONNECTION */;
/*!40101 SET NAMES utf8mb4 */;

--
-- Database: `katalog_buku`
--

-- --------------------------------------------------------

--
-- Table structure for table `blog`
--

CREATE TABLE `blog` (
  `id_blog` int(11) NOT NULL,
  `id_kategori_blog` int(11) DEFAULT NULL,
  `id_user` int(11) DEFAULT NULL,
  `tanggal` date NOT NULL DEFAULT '1999-01-01',
  `judul` varchar(255) DEFAULT NULL,
  `isi` text DEFAULT NULL
) ENGINE=InnoDB DEFAULT CHARSET=latin1;

--
-- Dumping data for table `blog`
--

INSERT INTO `blog` (`id_blog`, `id_kategori_blog`, `id_user`, `tanggal`, `judul`, `isi`) VALUES
(3, 3, 10, '2021-10-15', 'Android Studio', '<p>Hello world</p>\r\n');

-- --------------------------------------------------------

--
-- Table structure for table `buku`
--

CREATE TABLE `buku` (
  `id_buku` int(11) NOT NULL,
  `id_kategori_buku` int(11) DEFAULT NULL,
  `judul` varchar(255) DEFAULT NULL,
  `pengarang` varchar(255) DEFAULT NULL,
  `id_penerbit` int(11) DEFAULT NULL,
  `tahun_terbit` int(11) DEFAULT NULL,
  `sinopsis` text DEFAULT NULL,
  `cover` varchar(255) DEFAULT NULL
) ENGINE=InnoDB DEFAULT CHARSET=latin1;

--
-- Dumping data for table `buku`
--

INSERT INTO `buku` (`id_buku`, `id_kategori_buku`, `judul`, `pengarang`, `id_penerbit`, `tahun_terbit`, `sinopsis`, `cover`) VALUES
(1, 1, 'Pemrograman Web dengan PHP 7', 'Betha Sidik', 4, 2019, '<p>Lorem Ipsum is simply dummy text of the printing and typesetting industry. Lorem Ipsum has been the industry&#39;s standard dummy text ever since the 1500s, when an unknown printer took a galley of type and scrambled it to make a type specimen book. It has survived not only five centuries, but also the leap into electronic typesetting, remaining essentially unchanged. It was popularised in the 1960s with the release of Letraset sheets containing Lorem Ipsum passages, and more recently with desktop publishing software like Aldus PageMaker including versions of Lorem Ipsum.</p>\r\n', 'cover_php7.jpg'),
(2, 3, 'Machine Learning Tingkat Dasar dan Lanjut', 'Suyanto', 4, 2020, '<p>Lorem Ipsum is simply dummy text of the printing and typesetting industry. Lorem Ipsum has been the industry&#39;s standard dummy text ever since the 1500s, when an unknown printer took a galley of type and scrambled it to make a type specimen book. It has survived not only five centuries, but also the leap into electronic typesetting, remaining essentially unchanged. It was popularised in the 1960s with the release of Letraset sheets containing Lorem Ipsum passages, and more recently with desktop publishing software like Aldus PageMaker including versions of Lorem Ipsum.</p>\r\n', 'cover_machine_learning.jpg'),
(4, 1, 'React JS', 'Lukmanul Hakim S', 3, 2019, '<p>Lorem Ipsum is simply dummy text of the printing and typesetting industry. Lorem Ipsum has been the industry&#39;s standard dummy text ever since the 1500s, when an unknown printer took a galley of type and scrambled it to make a type specimen book. It has survived not only five centuries, but also the leap into electronic typesetting, remaining essentially unchanged. It was popularised in the 1960s with the release of Letraset sheets containing Lorem Ipsum passages, and more recently with desktop publishing software like Aldus PageMaker including versions of Lorem Ipsum.</p>\r\n', 'react.jpg');

-- --------------------------------------------------------

--
-- Table structure for table `kategori_blog`
--

CREATE TABLE `kategori_blog` (
  `id_kategori_blog` int(11) NOT NULL,
  `kategori_blog` varchar(50) DEFAULT NULL
) ENGINE=InnoDB DEFAULT CHARSET=latin1;

--
-- Dumping data for table `kategori_blog`
--

INSERT INTO `kategori_blog` (`id_kategori_blog`, `kategori_blog`) VALUES
(2, 'Pemrograman Web'),
(3, 'Android'),
(4, 'IoT');

-- --------------------------------------------------------

--
-- Table structure for table `kategori_buku`
--

CREATE TABLE `kategori_buku` (
  `id_kategori_buku` int(11) NOT NULL,
  `kategori_buku` varchar(50) DEFAULT NULL
) ENGINE=InnoDB DEFAULT CHARSET=latin1;

--
-- Dumping data for table `kategori_buku`
--

INSERT INTO `kategori_buku` (`id_kategori_buku`, `kategori_buku`) VALUES
(1, 'Website PHP'),
(2, 'Mobile'),
(3, 'Desain Grafis'),
(4, 'Machine Learning'),
(5, 'Pemrograman'),
(6, 'Database'),
(8, 'Software Enginering'),
(10, 'Pemrograman Mobile'),
(11, 'Pemrograman Dekstop'),
(13, 'Pancasila');

-- --------------------------------------------------------

--
-- Table structure for table `konten`
--

CREATE TABLE `konten` (
  `id_konten` int(11) NOT NULL,
  `judul` varchar(255) DEFAULT NULL,
  `isi` text DEFAULT NULL,
  `tanggal` date NOT NULL DEFAULT '1999-01-01'
) ENGINE=InnoDB DEFAULT CHARSET=latin1;

--
-- Dumping data for table `konten`
--

INSERT INTO `konten` (`id_konten`, `judul`, `isi`, `tanggal`) VALUES
(1, 'About Us', '<p>Lorem Ipsum is simply dummy text of the printing and typesetting industry. Lorem Ipsum has been the industry&#39;s standard dummy text ever since the 1500s, when an unknown printer took a galley of type and scrambled it to make a type specimen book. It has survived not only five centuries, but also the leap into electronic typesetting, remaining essentially unchanged. It was popularised in the 1960s with the release of Letraset sheets containing Lorem Ipsum passages, and more recently with desktop publishing software like Aldus PageMaker including versions of Lorem&nbsp;</p>\r\n', '1999-01-01');

-- --------------------------------------------------------

--
-- Table structure for table `penerbit`
--

CREATE TABLE `penerbit` (
  `id_penerbit` int(11) NOT NULL,
  `penerbit` varchar(100) DEFAULT NULL,
  `alamat` text DEFAULT NULL
) ENGINE=InnoDB DEFAULT CHARSET=latin1;

--
-- Dumping data for table `penerbit`
--

INSERT INTO `penerbit` (`id_penerbit`, `penerbit`, `alamat`) VALUES
(1, 'Graha Ilmu', 'Candi Gebang Permai Blok R-6 Yogyakarta'),
(3, 'Lokomedia', 'JL. Jambon, Perum. Persona Alam Hijau Kav 2. B-4, Kricak Yogyakarta'),
(4, 'Informatika', 'Pasar Buku Palasari No. 82 Bandung'),
(5, 'Elek Media Komputindo', 'Jakarta'),
(6, 'Wineka Utama', 'Malang');

-- --------------------------------------------------------

--
-- Table structure for table `tag`
--

CREATE TABLE `tag` (
  `id_tag` int(11) NOT NULL,
  `tag` varchar(100) DEFAULT NULL
) ENGINE=InnoDB DEFAULT CHARSET=latin1;

--
-- Dumping data for table `tag`
--

INSERT INTO `tag` (`id_tag`, `tag`) VALUES
(1, 'PHP'),
(2, 'MySQL'),
(3, 'Android'),
(4, 'Javascript'),
(5, 'Phyton'),
(6, 'UML'),
(7, 'Bahasa Inggris'),
(8, 'Bahasa Jepang'),
(9, 'Bahasa Korea'),
(10, 'Oracle'),
(11, 'HTML'),
(12, 'CSS'),
(13, 'Deep Learning'),
(14, 'Frontend'),
(15, 'Framework'),
(16, 'Fuzzy'),
(17, 'Neural Network');

-- --------------------------------------------------------

--
-- Table structure for table `tag_buku`
--

CREATE TABLE `tag_buku` (
  `id_tag_buku` int(11) NOT NULL,
  `id_buku` int(11) DEFAULT NULL,
  `id_tag` int(11) DEFAULT NULL
) ENGINE=InnoDB DEFAULT CHARSET=latin1;

--
-- Dumping data for table `tag_buku`
--

INSERT INTO `tag_buku` (`id_tag_buku`, `id_buku`, `id_tag`) VALUES
(25, 4, 12),
(26, 4, 15),
(27, 4, 4),
(28, 1, 7),
(29, 1, 2),
(30, 1, 1),
(31, 2, 13),
(32, 2, 5);

-- --------------------------------------------------------

--
-- Table structure for table `user`
--

CREATE TABLE `user` (
  `id_user` int(11) NOT NULL,
  `nama` varchar(100) DEFAULT NULL,
  `email` varchar(50) DEFAULT NULL,
  `username` varchar(30) DEFAULT NULL,
  `password` varchar(150) DEFAULT NULL,
  `level` varchar(30) DEFAULT NULL,
  `foto` varchar(100) DEFAULT NULL
) ENGINE=InnoDB DEFAULT CHARSET=latin1;

--
-- Dumping data for table `user`
--

INSERT INTO `user` (`id_user`, `nama`, `email`, `username`, `password`, `level`, `foto`) VALUES
(2, ' Tim2', 'tim2@gmail.com', 'tim2', '77b6fc6736661135bfe5f07d508ac397', 'Superadmin', '8401-removebg-preview.png'),
(7, ' Taufiq Hidayat', 'taufiq@gmail.com', 'taufiq', 'f4eff635e6dfe584a1a536dbc7718f3d', 'admin', 'WhatsApp Image 2021-10-13 at 16.46.27.jpeg'),
(8, ' I Made Kamajaya Ariestuta', 'kamajaya@gmail.com', 'kamajaya', '84c3d04278d6658f56d6bc6184c01c33', 'admin', 'WhatsApp_Image_2021-09-07_at_00.16.32-removebg-preview.png'),
(9, ' Aurhiel Chatlea Sabrine', 'aurhiel@gmail.com', 'aurhiel', 'b67842e6635e7564822a2019d0c50384', 'admin', '1619276101035..jpg'),
(10, ' Nahdliyyatus Sa’Adah', 'nahdliyyatus@gmail.com', 'nahdliyyatus', 'bf9fc2134e1b3a55566078eb4773c935', 'admin', 'WhatsApp Image 2021-10-15 at 20.06.44.jpeg'),
(11, 'Okky Dwi Putra', 'okky@gmail.com', 'okky', 'c821adbe2db2d35a30551480105cb919', 'admin', ''),
(12, ' Gilang Dwi Syahroni', 'gilang@gmail.com', 'gilang', 'c37fddfb7b3f538674c6e9a77e7bf486', 'admin', 'Formal.jpg');

--
-- Indexes for dumped tables
--

--
-- Indexes for table `blog`
--
ALTER TABLE `blog`
  ADD PRIMARY KEY (`id_blog`),
  ADD KEY `kategori_blog` (`id_kategori_blog`),
  ADD KEY `user_blog` (`id_user`);

--
-- Indexes for table `buku`
--
ALTER TABLE `buku`
  ADD PRIMARY KEY (`id_buku`) USING BTREE,
  ADD KEY `kategori_buku` (`id_kategori_buku`),
  ADD KEY `penerbit_buku` (`id_penerbit`);

--
-- Indexes for table `kategori_blog`
--
ALTER TABLE `kategori_blog`
  ADD PRIMARY KEY (`id_kategori_blog`);

--
-- Indexes for table `kategori_buku`
--
ALTER TABLE `kategori_buku`
  ADD PRIMARY KEY (`id_kategori_buku`);

--
-- Indexes for table `konten`
--
ALTER TABLE `konten`
  ADD PRIMARY KEY (`id_konten`);

--
-- Indexes for table `penerbit`
--
ALTER TABLE `penerbit`
  ADD PRIMARY KEY (`id_penerbit`);

--
-- Indexes for table `tag`
--
ALTER TABLE `tag`
  ADD PRIMARY KEY (`id_tag`);

--
-- Indexes for table `tag_buku`
--
ALTER TABLE `tag_buku`
  ADD PRIMARY KEY (`id_tag_buku`),
  ADD KEY `tag_tag` (`id_tag`),
  ADD KEY `buku_buku` (`id_buku`);

--
-- Indexes for table `user`
--
ALTER TABLE `user`
  ADD PRIMARY KEY (`id_user`);

--
-- AUTO_INCREMENT for dumped tables
--

--
-- AUTO_INCREMENT for table `blog`
--
ALTER TABLE `blog`
  MODIFY `id_blog` int(11) NOT NULL AUTO_INCREMENT, AUTO_INCREMENT=4;

--
-- AUTO_INCREMENT for table `buku`
--
ALTER TABLE `buku`
  MODIFY `id_buku` int(11) NOT NULL AUTO_INCREMENT, AUTO_INCREMENT=5;

--
-- AUTO_INCREMENT for table `kategori_blog`
--
ALTER TABLE `kategori_blog`
  MODIFY `id_kategori_blog` int(11) NOT NULL AUTO_INCREMENT, AUTO_INCREMENT=6;

--
-- AUTO_INCREMENT for table `kategori_buku`
--
ALTER TABLE `kategori_buku`
  MODIFY `id_kategori_buku` int(11) NOT NULL AUTO_INCREMENT, AUTO_INCREMENT=14;

--
-- AUTO_INCREMENT for table `konten`
--
ALTER TABLE `konten`
  MODIFY `id_konten` int(11) NOT NULL AUTO_INCREMENT, AUTO_INCREMENT=2;

--
-- AUTO_INCREMENT for table `penerbit`
--
ALTER TABLE `penerbit`
  MODIFY `id_penerbit` int(11) NOT NULL AUTO_INCREMENT, AUTO_INCREMENT=7;

--
-- AUTO_INCREMENT for table `tag`
--
ALTER TABLE `tag`
  MODIFY `id_tag` int(11) NOT NULL AUTO_INCREMENT, AUTO_INCREMENT=19;

--
-- AUTO_INCREMENT for table `tag_buku`
--
ALTER TABLE `tag_buku`
  MODIFY `id_tag_buku` int(11) NOT NULL AUTO_INCREMENT, AUTO_INCREMENT=33;

--
-- AUTO_INCREMENT for table `user`
--
ALTER TABLE `user`
  MODIFY `id_user` int(11) NOT NULL AUTO_INCREMENT, AUTO_INCREMENT=13;

--
-- Constraints for dumped tables
--

--
-- Constraints for table `blog`
--
ALTER TABLE `blog`
  ADD CONSTRAINT `blog_ibfk_1` FOREIGN KEY (`id_kategori_blog`) REFERENCES `kategori_blog` (`id_kategori_blog`) ON DELETE CASCADE ON UPDATE CASCADE,
  ADD CONSTRAINT `blog_ibfk_2` FOREIGN KEY (`id_user`) REFERENCES `user` (`id_user`) ON DELETE CASCADE ON UPDATE CASCADE;

--
-- Constraints for table `buku`
--
ALTER TABLE `buku`
  ADD CONSTRAINT `buku_ibfk_1` FOREIGN KEY (`id_kategori_buku`) REFERENCES `kategori_buku` (`id_kategori_buku`) ON DELETE CASCADE ON UPDATE CASCADE,
  ADD CONSTRAINT `buku_ibfk_2` FOREIGN KEY (`id_penerbit`) REFERENCES `penerbit` (`id_penerbit`) ON DELETE CASCADE ON UPDATE CASCADE;

--
-- Constraints for table `tag_buku`
--
ALTER TABLE `tag_buku`
  ADD CONSTRAINT `tag_buku_ibfk_1` FOREIGN KEY (`id_tag`) REFERENCES `tag` (`id_tag`) ON DELETE CASCADE ON UPDATE CASCADE,
  ADD CONSTRAINT `tag_buku_ibfk_2` FOREIGN KEY (`id_buku`) REFERENCES `buku` (`id_buku`) ON DELETE CASCADE ON UPDATE CASCADE;
COMMIT;

/*!40101 SET CHARACTER_SET_CLIENT=@OLD_CHARACTER_SET_CLIENT */;
/*!40101 SET CHARACTER_SET_RESULTS=@OLD_CHARACTER_SET_RESULTS */;
/*!40101 SET COLLATION_CONNECTION=@OLD_COLLATION_CONNECTION */;
